"Account ID (18 Digit)","Website"
"0013200001ArUQbAAN","http://www.fieldsfire.com/"
"0013200001Bi3EmAAJ","nwfiresystems.com"
"0013200001Ap2hSAAR","http://www.imc.cc"
"0016000000vLrnUAAS","guardianfireprotection.com"
"0013200001FGVU1AAP","http://www.firstduefireprotection.com"
"0013200001EqIsgAAF","http://www.encorefireprotection.com"
"0013200001Hs565AAB","pacificfiresecurity.com"
"0010e00001JpCp2AAF","Altapros.com"
"0010e00001JpMdqAAF","http://Ctfire.Net"
"0010e00001JpIHKAA3","https://www.nationalhoodandfire.com"
"0013200001HEQGoAAP","cen-calfire.com"
"0010e00001JoySeAAJ","http://rusticfireprotection.com/"
"0010e00001JotrQAAR","http://www.sandiegofireprotection.com"
"0010e00001JpHceAAF","tellurideirrigation.com"
"0010e00001JpI91AAF","http://envelopgroup.com"
"0013200001HsYzIAAV","http://Whitemechanical.Com"
"0013200001F6NU2AAN","www.bwmech.com"
"00160000012tVCUAA2","www.centuryfp.com"
"0010e00001Jp39LAAR","http://thompsonelectricalservice.com/"
"0010e00001LVoALAA1","http://www.patriotbackflow.com"
"0016000001660anAAA","www.norredfire.com"
"0013200001ILmmiAAD","http://spectrumproservices.com/"
"0010e00001JogdbAAB","http://pointsecurityinc.com/"
"0013200001EqVywAAF","http://www.sterling-refrigeration.com"
"0013200001HAchEAAT","http://www.samcosc.com/"
"0013200001H7vAxAAJ","wcfiresafety.com"
"0013200001H7uAxAAJ","fulkra.com"
"0013200001HDZ86AAH","http://sentineles.com/"
"0016000000zJVtrAAG","http://www.asafire.com/"
"001320000181g5iAAA","www.ac-groupinc.com"
"0013200001EO4ZUAA1","http://www.scottobrienfire.com"
"00160000010TvSXAA0","www.firesafetyinc.net"
"0013200001HBXESAA5","http://www.streetsinc.com"
"00160000014QVj1AAG","www.airwayscleaning.com"
"0013200001HqWvEAAV","belstramilling.com"
"0013200001GgSgJAAV","http://www.colonialfire.com"
"0013200001EKw95AAD","http://www.firemonstersystems.com"
"00160000012tycZAAQ","ion-fire.com"
"0016000000wxRWOAA2","cintas.com"
"0010e00001Jp6E2AAJ","http://Fireaceinc.Com"
"0016000000vM9nyAAC","www.hillercompanies.com"
"0013200001BiZi6AAF","http://www.southernfireandcontrols.com"
"0010e00001JoK0lAAF","http://www.nexusfire.ca"
"0013200001CcznGAAR","http://www.naplesfireprotection.com"
"0013200001CZxDPAA1","nielsensfire.com"
"00160000012vKHfAAM","www.assurekes.com"
"001600000168NiWAAU","http://www.airprohawaii.com/"
"0013200001HsYciAAF","http://www.dhssystemsinc.com/wordpress/home-v3-3-column-with-blog/"
"0013200001D3uEbAAJ","http://primemarketservices.com/"
"00160000012taecAAA","www.baremetalsolutions.com"
"0013200001FGk41AAD","http://www.decrescente.com/"
"0016000000wz7vtAAA","www.oconnellfire.com"
"0016000000ww5oeAAA","http://www.cornwallp-h.com"
"0013200001HDad9AAD","moorefire.com"
"0013200001GesbpAAB","amlingsinterior.com"
"0013200001EqeUdAAJ","www.commercialvent.com"
"0013200001GBNuLAAX","aztecfireandsafety.com"
"00160000012vlG3AAI","http://www.sspc-inc.com"
"0013200001D3b0PAAR","glendalefiresystems.com"
"0016000000y91XEAAY","http://www.powerking.ca"
"0013200001HE05DAAT","http://futurecow.com/"
"00160000012MBt6AAG","http://www.hoodsolutions.com"
"0013200001D5QXgAAN","http://Csfiresafe.Com"
"0013200001BgrTBAAZ","http://swaimelectric.com"
"00160000010UWHtAAO","http://www.libertyservicesinc.net"
"0013200001D4ocPAAR","www.patriotfirenj.com"
"00160000014QuSgAAK","http://fescenter.com/"
"00160000014PTIOAA4","http://theventking.com"
"0016000000vKvGXAA0","https://certasiteprotected.com/"
"0016000000vLJCAAA4","cityfireinc.com"
"0016000000vMmxCAAS","tsfire.com"
"0016000000vKhLoAAK","http://www.nextgensolution.com/"
"0016000000vM8dYAAS","aaafire.com"
"0016000000vLJCCAA4","nationalfes.com"
"0016000000vLEknAAG","http://www.ccsnc.com/"
"0016000000wx28DAAQ","www.greatlakesfireandsafety.com"
"00160000014QwuVAAS","fireprobend.com"
"00160000010UcXcAAK","aaafireutah.com"
"0016000000vLJC9AAO","bbph.com"
"0013200001EMAumAAH","http://www.mccoyfire.com"
"0013200001EMH7zAAH","http://greasebusters.com/"
"0013200001ELaMNAA1","www.fullblastpressurewashing.com"
"0013200001Dle0vAAB","http://www.illinifire.com"
"0013200001ELTmZAAX","http://www.wesselmechanical.com"
"0013200001EKzexAAD","http://www.professionalairsolutionsinc.com"
"0013200001EL8e5AAD","http://med-electronics.com"
"0010e00001LW9MPAA1","fyretechnology.com"
"0013200001Epy6GAAR","http://www.firecontrolsystems.biz"
"001600000168NtPAAU","integra.net"
"00132000019sVi7AAE","www.dynafire.com"
"0013200001H6rwdAAB","liemco.com"
"00160000012uID5AAM","www.aaafireprotection.com"
"0013200001H70snAAB","http://Pst-Carolina.Com"
"0013200001H7VJqAAN","qwestoffice.net"
"0013200001Gg65MAAR","http://www.flagshipfire.com"
"0013200001IK0NNAA1","https://fsimechanical.com/"
"0013200001H7BIRAA3","onguardfp.com"
"00160000010UnRLAA0","ryanfp.com"
"0013200001H6oQXAAZ","http://Americanfiresprinkler.Com"
"0016000000vN1qSAAS","www.kescor.com"
"0013200001EKk9WAAT","http://www.iscofasheville.com"
"0016000000vNDY2AAO","acservicecenter.net"
"0016000000wy8KHAAY","http://icidualcool.com"
"0013200001EKkJWAA1","http://www.foosfire.com/"
"0016000000wz1yuAAA","www.exhaustclean.com"
"0016000000vNDUFAA4","http://serveshvac.com"
"00160000010SHJsAAO","http://www.greasestop.com"
"0013200001HDQpRAAX","dipaolocnc.com"
"0013200001EMZBbAAP","http://vmg-us.com/"
"0013200001HsRUJAA3","http://www.servicefirstltd.ca/"
"0013200001Aq5aYAAR","http://unifourfire.com"
"00160000012uajgAAA","southernoutdoorrestoration.com"
"0016000000wx283AAA","http://www.coloradoalarm.net"
"0013200001AqgBlAAJ","seaboardfs.com"
"0016000000wx27jAAA","www.diversifiedfiresafety.com"
"0016000000wx28rAAA","http://www.aafireandsafety.com"
"0013200001AqbDCAAZ","http://www.proserve-group.com"
"0016000000y806qAAA","http://www.getfireprotection.com/"
"001600000165zkOAAQ","edison-fire.com"
"0016000000y8LBKAA2","advancedfireco.com"
"0016000000y8brWAAQ","http://mobilefire.net/"
"0016000000y92n0AAA","http://www.airwayssystems.com/"
"0010e00001JoLyWAAV","http://www.eckertmechanical.com"
"0013200001IJzjbAAD","yourworkorder.com"
"0013200001DlYepAAF","https://drexelhillfire.com/"
"0013200001DmMykAAF","http://www.elitehoodcleaning.com/wisconsin/index.html"
"0013200001AoMPWAA3","http://WWW.CleanmyTrucks.com"
"0013200001Bj8YbAAJ","http://www.ressacclimatecontrol.com/"
"00132000019uLChAAM","kruegergilbert.com"
"00132000019vCcNAAU","http://www.hoodcleanersofamerica.com"
"001600000167NcIAAU","http://airlogix.co/"
"0016000000wyubjAAA","www.northtxair.com"
"0016000000y6x4jAAA","http://www.crawfordsprinkler.com/"
"0016000000wx288AAA","intracoastalfireprotection.com"
"0013200001AoRu4AAF","http://ablehood.com/hood-cleaning-boston-ma.php"
"00132000019vGU0AAM","www.pantherair.com"
"00160000014OfIsAAK","http://www.hardgrovefire.com"
"00132000019v1OdAAI","www.snugsservices.com"
"001600000164EeiAAE","www.hydrotechsolutions.net"
"0016000000zKm9aAAC","louisianafire.com"
"00132000019uE2LAAU","https://www.hoodzinternational.com/nashville/"
"00132000019usoQAAQ","www.tdducts.com"
"0013200001D5YFqAAN","https://cleanslatepowerwashing.com/"
"0013200001ArK2GAAV","grendahl.co"
"0013200001CcYIlAAN","allstatesprinkler.com"
"00160000012ue8TAAQ","mjwood.com"
"0013200001Djl74AAB","http://www.tridim.com"
"0016000000wzHqhAAE","www.nelbud.com"
"00160000012uJ9NAAU","http://Doubledpiping.Com"
"00160000014PTzhAAG","www.fireline-ms.com"
"0013200001BhHJJAA3","https://plus.google.com/115998329251470930803/about?gl=us&hl=en"
"00160000014PoEeAAK","http://www.heartlandfireprotection.com"
"0013200001AqzApAAJ","http://www.arcticserviceshvac.com/"
"00160000012MoknAAC","www.legacyac.com"
"0013200001BjqTHAAZ","greenlightcooling.com"
"0013200001D3ZFCAA3","http://christophersonfireprotection.com/"
"0010e00001OgkeXAAR","quincemedical.com"
"0013200001F6ZEyAAN","http://www.umpquavalleyfireservices.com"
"0013200001H8Gt1AAF","www.sierrafire.net"
"0013200001D3VoBAAV","totalfire.biz"
"0013200001ArypeAAB","seacoastfire.com"
"0010e00001LW7yrAAD","https://filtakleenco.com/"
"0013200001FySMxAAN","www.360clean.com"
"0010e00001LVNlqAAH","http://greenflow.com"
"0016000000zJOXPAA4","http://cobblestoneovens.com/"
"0010e00001JpOF2AAN","tsc-va.com"
"00132000019sp9ZAAQ","www.westminsterfire.com"
"0013200001F5k65AAB","http://pac-systems.com/"
"0010e00001JpPq8AAF","http://www.greasebusters.com/"
"0013200001EKN4gAAH","www.pasco-inc.com"
"0013200001EMaePAAT","associatedfire.net"
"0013200001ILjKSAA1","http://Kintcorp.Com"
"0013200001FxzP3AAJ","aegisfire.com"
"00160000017z6EZAAY","http://www.powellmechanical.com"
"0013200001CZMjRAAX","http://www.totalserviceny.com"
"001600000180UQnAAM","vansplumbing.com"
"0016000000y7ps0AAA","http://Industrialsteamcleaningofchicago.Com"
"0016000000zK6LKAA0","www.rmc-services.com"
"0013200001EKk7BAAT","http://www.sundevilhoods.com"
"0016000000zKVyvAAG","www.chimspec.com"
"0016000000y6x7iAAA","www.lordbaltimore.com"
"0016000000y8xCYAAY","www.safetytecusa.com"
"0016000000zInLNAA0","http://www.underpressurehoodcleaning.com"
"001600000165J89AAE","http://www.approvedprotection.com/"
"0013200001FGgbeAAD","http://www.psec.net/"
"0016000000zKwwbAAC","lindsleywaterproofing.com"
"0016000000zIh0cAAC","www.asc1inc.com/l"
"00160000010S9XBAA0","www.unitedfirepro.com"
"0010e00001Mf4WMAAZ","http://americanfireprotectioninc.com/"
"0013200001DlFcTAAV","https://www.trycanopy.com/"
"0013200001ELDzwAAH","http://www.pyrotech-inc.com"
"00160000014OtfYAAS","http://www.hpkes.com"
"00160000014Q0fjAAC","http://Qrsone.Com"
"0013200001DkdF2AAJ","http://Allfireservice.Com"
"00132000019rPo5AAE","http://www.trianglexray.com"
"0013200001D3m2vAAB","http://www.fire-line.net/"
"0013200001D4CELAA3","http://www.firstlinefire.com/home.php"
"001600000165kB4AAI","http://fireprotectiontesting.com/"
"0010e00001LVwg1AAD","http://www.vitalsafetyservices.com/"
"0016000000y6xSpAAI","www.proservefire.com"
"001600000168GrrAAE","www.generalfiresafety.com"
"00160000012uSPOAA2","www.tedselectricalandhvac.com/"
"0016000000wz55SAAQ","http://nevadafiresystems.com"
"0013200001AqADeAAN","http://www.fowlerandsons.com"
"0013200001AqCJVAA3","fssnycorp.com"
"001600000181CIeAAM","www.rapidrepairexperts.com"
"0013200001HCk6QAAT","http://maprefrigeration.com"
"0013200001H8aewAAB","http://www.andersonfire.com"
"0010e00001HA6cuAAD","http://www.bravellc.com"
"0010e00001HA5FOAA1","http://www.csafire.com"
"00160000016536CAAQ","www.firetrol.net"
"0010e00001Jp9geAAB","https://nextechenergy.com/"
"0010e00001JoX9lAAF","integrityfiresafetyservices.com"
"001600000165tlDAAQ","http://www.banfffire.com"
"0010e00001JozmmAAB","http://Loopmechanical.Com"
"0010e00001Jp2oRAAR","http://www.fireprotectionmgmt.com/"
"0010e00001JotckAAB","http://chimneysweeper.com"
"0010e00001IzYw7AAF","www quickresponsega.com"
"0010e00001Jp5nbAAB","http://Frigitemp.Com"
"0013200001D3sjHAAR","http://www.shannonco.com"
"0016000000y769UAAQ","www.actionfireandsafety.com"
"00160000010UhKwAAK","http://www.ncturfcare.com"
"0016000000zKkPUAA0","http://abcofire.com"
"0016000000wyqaWAAQ","http://nfpti.com/"
"0016000000y7IcHAAU","www.fessinc.net"
"0016000000y6sRoAAI","www.texasfireandsafety.com"
"0016000000y5ooyAAA","http://www.bluehatmechanical.com"
"00160000012ODOlAAO","http://www.louisheatingandcooling.com/"
"00160000010TllvAAC","smshousekeeping.com"
"00160000010VFIhAAO","http://www.cherokeefireprotection.com/"
"00160000014NxlHAAS","http://jdsprinkler.com"
"0016000000y5ymoAAA","http://donerighthfs.com/"
"00160000012O7z0AAC","http://www.pipetechsplumbing.com/"
"00160000012M3CiAAK","www.firepros.biz"
"0013200001H9UJPAA3","http://lisiservices.com"
"0013200001EMDlHAAX","www.afp-nc.com"
"0013200001EMRt5AAH","http://www.g2ci.com"
"0013200001D6PNtAAN","http://www.daviswaterinc.com"
"0013200001EME7IAAX","mckaylighting.com"
"0013200001EMRU7AAP","http://galightingtech.com/"
"0013200001ELXoOAAX","http://www.shamrockfireprotection.com"
"0013200001ELxCCAA1","http://www.firetechstl.com"
"00160000012unUTAAY","www.aaafiresafety.net"
"0013200001EMhGfAAL","https://www.vancouverwahvacservice.com/"
"00132000019s7WWAAY","www.sprinklermatic.net"
"0016000000y5kmCAAQ","http://semperfipowerwash.com"
"0010e00001JpMYMAA3","cac-ce.com"
"0010e00001KTK1DAAX","www.mpsltd.us"
"0013200001GgK48AAF","http://quickresponsefl.com"
"0010e00001LVqLUAA1","http://www.mfpflow.com/"
"00132000019tnjFAAQ","www.siscofire.com"
"0010e00001LVfH1AAL","http://www.servantfire.com/"
"0010e00001LVvJyAAL","http://www.bayareamechanicalservice.com"
"0010e00001LVouFAAT","pyrofireprotection.com"
"0010e00001LVhkCAAT","http://www.redlinefirepro.com/"
"0010e00001LVuZNAA1","http://www.vipfiresprinkler.com/"
"0010e00001LVtDmAAL","http://www.aircareinc.biz/"
"0010e00001LVvBkAAL","http://www.mcacservices.com"
"0010e00001LVk2oAAD","http://btrfp.com"
"0010e00001LWDzbAAH","http://Alarmex-Inc.Com"
"0010e00001LWC6mAAH","http://www.stricklandfire.com"
"0010e00001LWG2IAAX","www.leeplumbing.com"
"0010e00001LWDVnAAP","www.tieroneplumbing.com"
"0013200001Dj7F8AAJ","http://axefpc.ca"
"0010e00001LWFxSAAX","http://www.backflowspecialists.com"
"0010e00001KZHEOAA5","http://www.firetechva.com/services.php"
"0010e00001LWHiRAAX","acefireinc.com"
"0010e00001LWLIcAAP","http://www.afexsystems.com/"
"0013200001H8Bs8AAF","https://www.unitedfire.net/"
"0010e00001MUCY7AAP","controlledconditions.com"
"0013200001GfgTmAAJ","www.industrialsource.com"
"0010e00001Jo8w4AAB","http://sefireandsafety.com"
"0010e00001MUTFYAA5","http://www.buistinc.com/"
"0010e00001MUSoGAAX","desert-fire.com"
"0010e00001HAJMZAA5","http://www.kellersinc.com"
"0010e00001MUQGYAA5","maint-warriors.com"
"0013200001ELvgWAAT","www.marmicfire.com"
"0010e00001MUmSkAAL","http://idsalarm.net"
"00132000019u1HRAAY","http://www.cochraneventilation.com"
"0010e00001MejUZAAZ","http://draftbeerintelligence.com/"
"0010e00001JpVvKAAV","mafpinc.com"
"0013200001As25aAAB","impactfiresvcs.com"
"0010e00001MUjwpAAD","http://www.allcountyfire.com"
"0013200001EMaGDAA1","http://firecodedesign.com/"
"0010e00001MeiUzAAJ","http://www.a1eleco.com"
"0010e00001MUjGRAA1","http://www.kgwardstrom.com"
"0010e00001Mf1TAAAZ","http://thermotekservice.com"
"0010e00001MeyhSAAR","http://www.actionfp.com"
"0010e00001MexB3AAJ","http://csventilation.com"
"0010e00001JpKoPAAV","http://firesolutionsnw.com"
"0010e00001KZOtjAAH","http://beelineheatingandairconditioning.com"
"0010e00001MfEddAAF","http://www.alarmcontrol.com"
"0010e00001MeqnxAAB","www.bncleaning.com"
"0010e00001Mf4niAAB","http://www.ballardbrands.com/"
"0010e00001MfB8DAAV","http://www.aplusfire.org"
"0013200001GgkzNAAR","korerefrigeration.com"
"0010e00001Mf5cqAAB","www.dunkfire.com"
"0013200001H8kv3AAB","http://www.firesuppression.net"
"0010e00001LWAPDAA5","http://www.bottomechanical.com"
"0010e00001Mf43vAAB","http://Southeasternautomaticsprinkler.Com"
"0013200001IKNtdAAH","http://www.amsihvac.com/"
"0010e00001JpYSsAAN","http://www.boremfire.com"
"0010e00001MfFVfAAN","http://www.evergreenmech.com"
"0010e00001Mf67RAAR","http://Hgfire.Com"
"0010e00001LVDv8AAH","https://blc2s.com/"
"0010e00001MfYgGAAV","http://Georgehaycompany.Com"
"0010e00001Jp21LAAR","http://firesciencetech.com"
"0010e00001MfRSIAA3","http://www.koetterfire.com/forms/map-houston.php"
"0010e00001HAIqkAAH","http://www.allegiantfire.net/"
"0010e00001MfknlAAB","http://www.profireva.com"
"0010e00001JpN3cAAF","http://www.rballen.com/"
"0010e00001MfSnNAAV","www.doleac.com"
"0010e00001MfOZbAAN","http://ballfireprotection.com"
"0010e00001MfUZQAA3","http://uyt.co"
"0013200001H7tAaAAJ","http://Foxvalleyfire.Com"
"0010e00001MfXxvAAF","http://qrfpss.com"
"0013200001EKwoyAAD","www.willistonsafety.com"
"0010e00001JoNwPAAV","https://steelmountainfire.com/"
"00160000014OgS8AAK","http://www.oregonhoodcleaning.com"
"0010e00001Joy5ZAAR","http://www.ecss.us"
"0013200001BgbE7AAJ","http://www.grimestoppersinc.net"
"00160000017zSHHAA2","http://www.sundevilfire.com"
"0013200001BgiaAAAR","http://www.respondwi.com"
"0013200001Ar0XzAAJ","elitehoodcleaning.com/wisconsin"
"0013200001BgUUwAAN","http://www.allenccs.com"
"0013200001BhH6FAAV","www.thefiresafetygroup.com"
"0013200001BhQPdAAN","omegamedical.net"
"0016000000vMn8tAAC","www.premiergrease.com"
"00160000014OVj0AAG","http://www.densecomfortsolutions.com/"
"00160000012uIZuAAM","http://www.uni-serveusa.com/"
"00160000012ua8nAAA","www.paracletefire.com"
"00160000012vFiaAAE","http://www.aafireohio.com/"
"0016000000y6uQyAAI","http://prostarfs.com/"
"00160000014REihAAG","www.k-kleen.com"
"0013200001ENaeEAAT","triad-mechanical.com"
"0013200001EMszHAAT","http://chesapeakemedicalsystems.com/"
"0013200001EO4ZeAAL","http://www.unitedfirepdx.com"
"0013200001FFZYsAAP","http://www.winchestersprinkler.com"
"0013200001FFyaMAAT","http://www.falconfiresystems.com"
"0013200001FG3drAAD","phxfire.net"
"0013200001FGUtTAAX","http://www.cachevalleyfire.com"
"0013200001ENxrtAAD","www.sheeleyservice.com"
"00160000017zXbKAAU","www.cleanfastusa.com"
"0016000000wzVIqAAM","www.sprousefire.com"
"0013200001EO12wAAD","www.lowvsystems.com"
"0013200001F4VoAAAV","http://www.gallagherscarpetcleaning.com"
"0013200001F4G42AAF","http://www.mountainductcleaning.com"
"0013200001DlICiAAN","http://www.cherokee-fps.biz"
"0013200001F4I3HAAV","http://www.rpmtidewater.com"
"001600000166uOSAAY","ram-contracting.com"
"0013200001DkF36AAF","http://www.haynesfire.com"
"0013200001Ept5yAAB","http://www.galvinelectric.com"
"0013200001Eq6YKAAZ","http://www.thefireguyinc.com"
"0013200001EpuBOAAZ","http://advancepressurewashing.ca"
"0013200001EprpWAAR","http://www.accurate-fire.com/"
"0013200001Eq9yuAAB","firepros.com"
"0013200001EpV0JAAV","http://denverfireprotection.com/"
"0013200001EpJglAAF","http://www.prontohvac.net"
"0013200001F6aaMAAR","http://lifesafety.net"
"0013200001Fx41CAAR","www.kitchen.services"
"0013200001FxDMHAA3","http://www.servicefireequip.com"
"0013200001FGghcAAD","http://www.rmslifesafety.com"
"0013200001FxvnxAAB","http://statovextest.com/contact-us/"
"0013200001FwqspAAB","http://www.rrstormwater.com"
"0013200001FGpMzAAL","www.vscfs.com"
"0013200001Eqwj7AAB","www.firedefense.com"
"0013200001FxPFXAA3","http://www.redhawkfp.com"
"0013200001FxTt0AAF","http://www.chinookfireprotection.com"
"0013200001GpcMRAAZ","graysecuritysystems.com"
"0013200001GSIz9AAH","http://www.pcsplumbing.com"
"0013200001GS0QIAA1","http://www.craft-stove.com/"
"00160000014P0wMAAS","http://www.appliedbldgtech.com"
"00160000014P2TZAA0","http://www.fesystems.com.au"
"00160000014RSIhAAO","http://proshieldfireandsecurity.com/"
"00160000014P7LBAA0","www.koetterfire.com"
"00160000014RPlVAAW","http://www.westerncommercial.net"
"0013200001GRQDBAA5","www.asfsok.com"
"0013200001FybCMAAZ","safehoods.com"
"0013200001GRbXlAAL","https://wickedweedbrewing.com/"
"0013200001FyBuBAAV","erafire.com"
"00160000010U2NvAAK","http://rapidfireprotection.com/"
"0013200001BiQzDAAV","http://www.cfcsystems.com"
"0013200001D3iHpAAJ","http://www.elitehoodservice.com"
"001600000166N82AAE","http://www.fyrfyter.net/"
"0013200001Fz0PjAAJ","http://www.federalfire.us"
"0013200001GBRadAAH","http://www.livingwaterfp.com"
"0013200001BhrazAAB","plumliftadoor.com"
"0013200001DjyqvAAB","http://www.lcskleenaire.com"
"0013200001FyYPFAA3","www.powerwest.ca"
"0013200001FyFAUAA3","http://www.greasebusters.com/"
"0013200001Fz4kAAAR","iqlifesafety.com"
"0013200001Fz3awAAB","http://www.anextremeclean.com/"
"0013200001EqIsMAAV","midstatespropertymaintenance.com"
"00160000010A22SAAS","www.mosquitowizardnc.com"
"001600000181UZAAA2","www.farnerfire.com"
"001600000165FY3AAM","http://www.easternfiresuppression.com/"
"0010e00001IzPIDAA3","http://www.firedsi.com"
"001600000165yBOAAY","stellarservicesfl.com"
"0010e00001MfZ3AAAV","http://www.koetterfire.com/"
"0013200001H7z8qAAB","hoodcleaningoh.com"
"0010e00001KZk36AAD","www.chillertechnology.com"
"0013200001ILrlWAAT","abcopeerless.com"
"0010e00001LW7oNAAT","http://www.porterboiler.com"
"0010e00001MfDDoAAN","http://titanhvacva.com"
"0010e00001Mfp7iAAB","http://www.capfire.us"
"0010e00001Mfg6rAAB","http://Bksecurity.Com"
"0010e00001KZeOfAAL","http://www.leonardpowers.com"
"0013200001Hu91MAAR","http://alliedfireco.com/"
"0013200001HAkUUAA1","aoreed.com"
"0010e00001Mg7vZAAR","www.westcoastfireinc.com"
"0010e00001KTslQAAT","http://www.protech-fire.net"
"0010e00001MfzowAAB","http://www.bowmarindustrialservices.com/"
"0010e00001Mg5RXAAZ","http://renewbiomedical.com/"
"0013200001H9VUPAA3","d-ben.com"
"0010e00001IzIseAAF","http://Fireking.Ws"
"00160000014RDkuAAG","http://www.elitefireprotection.com/"
"0013200001GSDipAAH","http://www.allsafeelevators.com"
"0013200001H6mIJAAZ","http://legacyfire.ca"
"0013200001ELoIGAA1","http://www.tedsystems.com/"
"0013200001ILWZ0AAP","www.mrfireprotection.com"
"0010e00001MfRF9AAN","http://www.firetrol.net/"
"0010e00001KaBscAAF","http://Bsnsecurity.Com"
"0010e00001JT6mCAAT","http://fire1services.com"
"0013200001H6oXsAAJ","oneidafireprotection.com"
"0013200001HCiiRAAT","http://Acefireequipment.Com"
"0013200001IKZA6AAP","pacificcoastfire.ca"
"0010e00001IzWCpAAN","http://www.stonesecurityusa.com/"
"00160000017y9aQAAQ","http://www.britewash.net"
"0010e00001KIiZyAAL","http://memphisice.com"
"0010e00001J5iaeAAB","silverbacktrades.com"
"0010e00001MfRFCAA3","http://www.firetrol.net/"
"0010e00001KTCUTAA5","http://starrmechanical.com"
"0010e00001KaJ1AAAV","http://www.metrofirene.com/"
"0013200001HuKTTAA3","vfsfire.com/"
"0010e00001MgOgxAAF","http://www.theporterco.com"
"0013200001H7STQAA3","www.paragonmechanical.com"
"0013200001GROKZAA5","http://www.alinefire.com/"
"0010e00001MgAHdAAN","http://www.arundelservices.com/"
"0013200001HAsZZAA1","http://www.fps-technologies.com"
"0010e00001MhLQQAA3","http://www.atlanticfirepro.com"
"0010e00001MgICGAA3","http://Firepowerinc.Net"
"0010e00001MgCaqAAF","http://www.stagfirepro.com"
"0010e00001MgAOUAA3","https://www.comirr.com/"
"0010e00001KYrLQAA1","http://www.hedrickfireprotection.com"
"0010e00001JoJh5AAF","http://fastrackmechanical.com"
"0016000000zKiOAAA0","http://www.aircleaningtechnology.com"
"0010e00001IzQkhAAF","taylorbrosfs.com"
"0013200001IKtwuAAD","http://www.willismech.com/"
"0010e00001KZzv2AAD","http://www.lochridgepriest.com"
"0010e00001KTWPvAAP","www.mechanicaltemp.com"
"0010e00001MfRFAAA3","http://www.firetrol.net/"
"0010e00001MgUj8AAF","https://pacificairmechanical.ca"
"0013200001HB0uvAAD","http://guardiandallas.com"
"0010e00001LW0quAAD","http://elitefire.com/"
"0013200001H80CWAAZ","http://Cleaningresourcecenter.Com"
"0013200001Eq733AAB","http://allamericanfire.biz"
"0010e00001Mgl0ZAAR","canprofire.com"
"0010e00001JoY4qAAF","http://greasebusters.com/"
"0010e00001KTIdXAAX","http://www.advmechref.com"
"0010e00001LVCT2AAP","http://www.criveller.com/"
"0013200001HDZFCAA5","www.ffprotection.com"
"00160000010UFuLAAW","www.harveyandprice.com"
"0013200001HD5XnAAL","cmsaz.com"
"0010e00001JT4D2AAL","http://www.fireprotectionprofessionals.com"
"001600000167QefAAE","www.hoodcleaningservices.com"
"0013200001INGPFAA5","http://generalfiresystemsllc.com"
"0010e00001Ka1fKAAR","https://www.hoodsunlimited.org/"
"0013200001HDDS4AAP","http://Fsmhvac.Com"
"0010e00001JoJtuAAF","http://www.koetterfireprotection.com"
"0013200001GfJqWAAV","http://www.epbfi.com"
"0013200001FyssbAAB","advfire.com"
"0010e00001MgpkJAAR","http://www.conditionedairsystems.com"
"0010e00001MgenhAAB","safetech.biz"
"0010e00001MgmMgAAJ","http://www.entekhvac.com"
"0013200001H8aIYAAZ","http://www.buckmillersprinkler.com"
"0010e00001IzJ12AAF","tvrban.com"
"0010e00001MfRFKAA3","http://www.firetrol.net/"
"0010e00001JoSQjAAN","www.williamsfiresprinkler.com"
"0013200001ILSr6AAH","halorestorationservices.com"
"0013200001EKkCLAA1","https://silverliningcleaners.com/"
"0010e00001KTK42AAH","http://www.hvactms.com"
"0010e00001Mgz3aAAB","http://www.premiersecuritysolutions.com"
"0010e00001MhHFgAAN","http://seimagingservice.com"
"0010e00001MgyC9AAJ","shield-fire.com"
"0010e00001LVcmdAAD","https://www.kcmechanical.org"
"0010e00001MgzByAAJ","http://www.carpetcapitalfire.net/"
"0010e00001MhJSNAA3","MOUNTAINFIRESPRINKLERS.COM"
"0010e00001LUsPaAAL","https://www.proservefire.com/"
"0010e00001MhHG0AAN","www.gpkrefrigeration.com"
"0013200001EMaZoAAL","statesystemsinc.com"
"0010e00001MhaI0AAJ","http://www.seabox.com"
"0010e00001HA95MAAT","https://www.premierhoodcleaning.com/contact/"
"0010e00001MhVUnAAN","http://eaglelifesafety.com"
"0010e00001Mhi4fAAB","http://Afpsys.Com"
"0010e00001JoJ0fAAF","securefireandsafety.com"
"0013200001HDWskAAH","http://www.industryfirepro.com/"
"0010e00001MhdkwAAB","http://pletcherfire.com"
"0010e00001MhKzdAAF","http://www.arrowfire.com"
"0010e00001MiD1cAAF","nextgenusa.com"
"0010e00001LV9hoAAD","http://www.acaalex.com"
"0010e00001Mhtk9AAB","https://refrigeratedmech.com/"
"0013200001IYwhYAAT","www.cannistraro.com"
"0010e00001MhlYAAAZ","enviromech.com"
"0010e00001MhumPAAR","morris.computer"
"0010e00001MiDOMAA3","southernchiller.com"
"0013200001EMyAdAAL","http://www.rapidfireinc.com"
"0010e00001MiAJdAAN","http://Teammechanical.Com"
"0013200001HDKxgAAH","http://Overheadfire.Com"
"0010e00001MiGDDAA3","firesafeny.com"
"0010e00001MiGjvAAF","bayvertiv.com"
"0010e00001Jo9i4AAB","www.hurstind.com"
"0010e00001Og7g6AAB","http://fayetteelectric.com"
"00160000010SYXPAA4","carolinafireprotection.com"
"0010e00001JpOXLAA3","totalfiresafety.net"
"0010e00001JooazAAB","http://archerconstruction.com"
"0010e00001OgL9PAAV","http://www.blastmastersinc.com"
"0010e00001OgKRSAA3","http://www.affordablefireservices.com"
"0010e00001IzUibAAF","http://www.ctfireeq.com/"
"0010e00001IzWNnAAN","http://nwkec.com"
"0013200001GBv1EAAT","www.carolinachillers.com"
"00160000017yP58AAE","gomajestic.com"
"00160000017ycTgAAI","http://www.arrepairs.com/"
"00160000017yJtfAAE","http://www.connectionzplumbinglayton.com/"
"00160000017ynaoAAA","azonsite.net"
"00160000017yKM8AAM","jbs4air.com"
"00160000017yjTtAAI","http://ateamroofcleaning.com"
"00160000017y1ECAAY","www.healthyhometampa.com"
"001600000165xLRAAY","http://www.actionfirepros.com/"
"00160000017yOhnAAE","http://jhubner.com/"
"0010e00001HA1PyAAL","http://www.comfortdynamics.com"
"0010e00001JT4CnAAL","http://www.asaphood.com/"
"0010e00001KZcwvAAD","http://Bayareafire.Net"
"0013200001GBL9ZAAX","http://www.craigfireinc.com"
"0010e00001QCO4XAAX","http://www.cooperheatandair.com"
"0010e00001QC3ntAAD","http://www.firesprinklers-extinguishers.com"
"0010e00001Mf680AAB","allproflorida.com"
"0010e00001QC97bAAD","http://Bigtexfire.Com"
"0010e00001QCE59AAH","http://www.atlasplumbingnyc.com"
"0010e00001QCFECAA5","http://www.mechservicesllc.com"
"0010e00001QCGMBAA5","w-oil.com"
"0010e00001OhJlLAAV","http://www.airwestmechanical.ca"
"0010e00001QCIolAAH","https://www.designtechnologymo.com/"
"0010e00001LVRY9AAP","lumenal.com"
"0010e00001QCmEBAA1","https://www.greatlakesfireonline.com/"
"0010e00001KaCsEAAV","www.wilgro.com"
"0010e00001OidGEAAZ","http://ncsu.edu"
"0010e00001LVTWiAAP","http://Huserfire.Com"
"0010e00001OhMrDAAV","http://www.rivercityheatingandair.net"
"0010e00001QCSuSAAX","https://www.controlfiresecurity.com/"
"0010e00001OigtjAAB","http://www.fireforceinc.net"
"0013200001EL18vAAD","http://www.lssmith.com/"
"0010e00001QBbDGAA1","http://www.youandusmechanical.com"
"0013200001GfK5JAAV","http://floied.com"
"0013200001BiPJmAAN","http://www.TJNowak.com"
"0013200001GgFZ8AAN","http://www.georgianrestaurantequipmentservices.com"
"0013200001GgLJTAA3","amcfire.com"
"0013200001GgQ0UAAV","http://thebantacompanies.com/"
"0013200001GCA0oAAH","http://www.geyerfire.com"
"0010e00001IzXpwAAF","http://www.thesouthwestgroup.com/"
"0013200001F5hJ0AAJ","fortressprotection.com"
"0013200001BhlYsAAJ","http://www.southeastboilerservices.com"
"0013200001CciaIAAR","http://www.keefeplumbing.com"
"001600000180LArAAM","http://carefreeair.com/"
"00132000019tikEAAQ","www.sharpstream.net"
"0010e00001OjURnAAN","iss-fire.com"
"0010e00001Oj57hAAB","http://www.eriemechanical.com"
"0010e00001Oj9yeAAB","http://www.hitekmechanical.com"
"0010e00001Oj58LAAR","www.aceshopequipment.com"
"0010e00001OjHVeAAN","http://safescashatm.com"
"0010e00001OjGSlAAN","psahouston.com"
"0010e00001OisHZAAZ","http://www.bbfitness.com/"
"0010e00001IzagMAAR","meridianfire.ca"
"0010e00001Oh2RrAAJ","denonsafety.ca"
"0010e00001OjWY1AAN","http://www.totalfire.com"
"0010e00001OglpdAAB","http://www.DoorandGateUSA.com"
"0013200001HrlivAAB","http://Marylandfire.Com"
"0010e00001OjictAAB","http://niagarafirealarms.ca"
"0010e00001OjlzrAAB","http://www.federatedlighting.com/contact.php"
"0010e00001Jp5laAAB","http://www.couts.com"
"0010e00001Oht0NAAR","http://www.newenglandfiresystems.com"
"0013200001ELE3AAAX","http://www.campbellfireandsafety.com"
"0010e00001Ojs5MAAR","https://www.coolservicesinc.com/"
"0010e00001Ojq3aAAB","http://cityfireandsafety.com"
"0010e00001KTlJOAA1","http://Cavalierfire.Com"
"0010e00001LVwqMAAT","southwestfirellc.com"
"0010e00001OhPMvAAN","http://www.libertymechanicalservices.com"
"0010e00001MfluhAAB","http://www.sutterbuttesfire.com/"
"00160000017ygIYAAY","http://www.pkpressureclean.com/"
"0010e00001OkDXXAA3","http://edselectronicsinc.com"
"0010e00001HAJV2AAP","http://www.totalfire-security.com"
"0010e00001OgVMPAA3","awnguard.com"
"0010e00001KZLAYAA5","http://www.alphafirenj.com/"
"0010e00001OkEcjAAF","jwdsa.com"
"0013200001H8Ci9AAF","http://joepowell.com"
"0013200001H8kmkAAB","mankatorefrigeration.com"
"0010e00001QAmhFAAT","ajk-a.com"
"0010e00001MUACoAAP","http://www.collinsfire.com"
"0010e00001MU7nTAAT","http://www.a-bearrefrigeration.com/"
"0010e00001LVyVdAAL","http://www.bennettmechanical.com"
"0010e00001MUU6iAAH","http://www.omchvac.com"
"0013200001HAf7KAAT","http://www.firesystemsinc.net"
"0010e00001QAsFgAAL","http://rtamechanical.com"
"0010e00001QAtH2AAL","http://gdivis@akronenergyllc.com"
"0013200001F6wE1AAJ","http://www.essentialfire-ep.com"
"0010e00001QAxnGAAT","upsource360.com"
"0010e00001QBCvYAAX","allowayelectric.com"
"0013200001EKkI9AAL","http://amptec.ca"
"0010e00001QBEaPAAX","vermilionfire.com"
"0010e00001QBECwAAP","OakleyFire.com"
"0016000000y6xBpAAI","www.susquehannafire.com"
"0010e00001QB9aiAAD","http://arkair.us/"
"0010e00001QBEcaAAH","http://www.cklsolutions.com"
"0010e00001QB9D3AAL","www.continental24-7.com"
"0010e00001LVFFzAAP","http://precisionfs.com"
"0010e00001OgjgmAAB","http://debconstruction.com"
"0010e00001Oio0EAAR","http://www.mrnh3.com"
"0010e00001QBTcWAAX","http://qualitymechinc.com/"
"0010e00001QBW89AAH","coldflo.com"
"0010e00001QBVtyAAH","http://www.caruthps.com/"
"0010e00001QBUd7AAH","vulcanfiresecurity.com"
"0010e00001QBYqjAAH","http://www.achillers.com"
"0010e00001QBb0RAAT","https://nationalfiresafetypro.com/"
"0010e00001QBaceAAD","http://www.lpsfire.com/"
"0010e00001OiMG0AAN","rampro-us.com"
"0010e00001KTQ5mAAH","http://bickgroup.com/"
"0010e00001QBcxxAAD","http://www.trianglewasteservices.com/"
"0010e00001QC2iJAAT","http://www.nymetrofire.com"
"0010e00001QBtaFAAT","http://g2servicesinc.com"
"0010e00001QBsknAAD","gdscontrols.net"
"0010e00001QBwylAAD","www.commercialcontrols.com"
"0010e00001QBlAGAA1","http://www.atlmec.com"
"0010e00001QBqSqAAL","http://Gasfpc.Com"
"0010e00001QBzLrAAL","http://jacor-sd.com"
"0010e00001QC1bMAAT","http://www.rksolutionsmo.com"
"0010e00001OgmDcAAJ","boilerchillersystems.com"
"0010e00001OgdbNAAR","dekaservice.net"
"0010e00001HA6ZCAA1","http://bestautosprinkler.com"
"0010e00001LVDBiAAP","http://intraworksusa.com"
"0010e00001OgS1rAAF","CarolinaFireTech.com"
"0010e00001Oh3wiAAB","http://allstatefireservice.com/"
"0010e00001KTRSfAAP","http://www.gfsfire.com"
"0010e00001OgWA5AAN","https://www.mrtruckwashing.com/"
"0013200001HAXvVAAX","http://www.consolidatedwasteservices.com/component/option,com_frontpage/Itemid,1/"
"0010e00001OgVfWAAV","miramargroup.net"
"0013200001HAQogAAH","http://iescomm.com"
"0013200001HAYizAAH","http://southernkitchenservices.com/"
"0010e00001JoBdHAAV","www.benfieldmechanical.net"
"001600000166kajAAA","www.msfireequipment.com"
"0010e00001KTmtuAAD","http://www.ablecompany.com"
"0010e00001MU6o7AAD","https://www.mechanicalsvcs.com/"
"0013200001HsFdzAAF","uamservice.com"
"0010e00001KaGKqAAN","http://Ecesenergy.Com"
"0013200001H6GV0AAN","http://countywideextinguisher.com"
"0010e00001KYoWbAAL","http://www.greasebusters.com/"
"0010e00001HAHG8AAP","http://www.sentryfp.com"
"0010e00001Jo1QBAAZ","chieffirecompany.com"
"00132000019spbNAAQ","http://www.southeastfire.com/"
"0010e00001KIrhhAAD","http://firecontrols.net"
"0010e00001JomrkAAB","http://Smithhughes.Com"
"0010e00001KaMPzAAN","http://affordablerefrigeration.com/"
"0010e00001JoKYsAAN","http://www.vernesplumbing.com"
"0010e00001OgYjzAAF","http://www.strategicmech.com"
"0010e00001LV22DAAT","http://pumpsofhouston.com"
"0010e00001MfRFDAA3","http://www.firetrol.net/"
"0010e00001MfRFIAA3","http://www.firetrol.net/"
"0010e00001MfRFEAA3","http://www.firetrol.net/"
"0010e00001MfRFHAA3","http://www.firetrol.net/"
"0010e00001MfRFGAA3","http://www.firetrol.net/"
"0010e00001MfRFJAA3","http://www.firetrol.net/"
"0010e00001LVBiWAAX","http://www.beardint.com"
"0010e00001JoUovAAF","http://datanetengineering.com"
"0010e00001KIeWeAAL","http://mandtac.com"
"0013200001Ht1UCAAZ","fiatinc.com"
"0010e00001Oh0EqAAJ","http://Northwestcentralplumbing.Com"
"0010e00001OgeLxAAJ","http://www.libertyfiresolutions.com"
"0010e00001Ogyy7AAB","http://www.kic-services.com"
"0010e00001OhMUHAA3","https://clarkwf.com/"
"0013200001HCvESAA1","http://Surefireprotection.Com"
"0010e00001Oh3cKAAR","http://www.mikeandmike.net"
"0013200001IKsbzAAD","http://24fire.Com"
"0010e00001KIjEqAAL","http://www.hrfiresafety.com"
"0010e00001OhIsYAAV","http://www.nevco-hvac.com"
"0013200001EKkFUAA1","socalhoods.com"
"0010e00001OhWHnAAN","http://www.ironassociates.com"
"0010e00001OhU5mAAF","http://www.paracomsystems.com"
"0010e00001OhXa0AAF","http://qualityaes.com"
"0010e00001KZ4l0AAD","https://www.equivac.net/"
"0010e00001MfRFFAA3","http://www.firetrol.net/"
"0010e00001KIyIPAA1","http://www.coxfire.com"
"0010e00001JoUlXAAV","superherofireprotection.com"
"0010e00001OhfyHAAR","http://www.mandrrefrigeration.com"
"0010e00001Oi081AAB","http://www.dac-hvac.com/"
"0010e00001OiEokAAF","http://www.bajanenterprisesllc.com/"
"0010e00001LUy06AAD","http://www.psintegrated.com"
"0010e00001Ohvp7AAB","www.lamonicas.com"
"0010e00001Oi622AAB","ceasefirefp.com"
"0010e00001Ohtw4AAB","http://topnotchfiresafety.net"
"0010e00001LVv4tAAD","gariklifts.com"
"0010e00001Oi1xdAAB","http://www.atsalaska.com"
"0010e00001OiUlkAAF","http://www.midcoastfire.com"
"0010e00001OiIZ5AAN","kell-tech.com"
"0010e00001OiKg7AAF","http://Empirefps.Com"
"0010e00001OiRExAAN","https://www.americanindustrialcontractors.com/"
"0010e00001LW51aAAD","thermoclineinc.com"
"0010e00001OiOP3AAN","https://www.htfmechanical.com/"
"0010e00001OiIMnAAN","http://www.gowfire.com/"
"0013200001EMJBjAAP","http://www.filtershineusa.com/"
"0013200001IKNYSAA5","mongioviandson.com"
"0010e00001KYxj9AAD","http://www.calstatefirepro.com"
"0010e00001KZB1LAAX","http://www.service1hvac.net"
"0010e00001OiPL5AAN","https://republicfireprotection.com/"
"0010e00001OiV76AAF","www.subzeroconstructors.com"
"0010e00001OiSlHAAV","http://www.caireinc.net"
"0010e00001OiU13AAF","https://greasebusters.com/"
"0010e00001OinczAAB","http://Jharman.Net"
"0010e00001MfRFBAA3","http://www.firetrol.net/"
"0010e00001OicPxAAJ","http://www.caplingerco.com"
"0010e00001Job7WAAR","http://www.baycitiesfire.com/"
"0010e00001Oie4YAAR","http://www.calibermechanical.com"
"0010e00001JT0mzAAD","http://www.emeraldfirellc.com"
"0010e00001KZW1qAAH","http://www.firedetectionsystemsny.com"
"0010e00001KYn5wAAD","http://Hoopesfp.Com"
"0013200001EqmnNAAR","http://www.lyonsguard.com/"
"0010e00001OibqqAAB","http://acsystemsinc.net/"
"0010e00001OiaurAAB","http://A1fire.Net"
"0010e00001Oibp3AAB","http://donwil.com"
"0010e00001OilMtAAJ","http://coolmark.ca"
"0010e00001OimEsAAJ","http://Mobile.Bksystemsinc.Comcastbiz.Net"
"0010e00001OinN4AAJ","https://jayhawkfire.com/"
"0013200001ILdFqAAL","http://koetterfireprotection.com"
"0010e00001Oj4VDAAZ","http://www.columbiafireandsafety.com"
"0010e00001OivwFAAR","http://www.allegiantfireprotection.com"
"0010e00001JpW7yAAF","http://wayeng.com"
"0010e00001Oj45rAAB","http://www.kilgoreind.com"
"0013200001HCf5tAAD","http://clarkmechanical.com"
"0013200001HAwPXAA1","https://www.natpow.com/service/emergency-service/"
"0013200001Hs8cFAAR","holbrookservice.com"
"0010e00001KIj8cAAD","http://aegisfiredoor.com"
"0016000000wz2OiAAI","www.cmsmechny.com"
"0013200001Hu5lqAAB","http://www.nitromechanical.com/contact.cfm"
"0016000000wx28SAAQ","www.fsiofnc.com"
"0010e00001JoRhVAAV","www.statefire.com"
"0010e00001LV37IAAT","http://ssscorp.com"
"0016000000wz9rpAAA","http://spireon.com/"
"0016000000y6xA3AAI","www.nationalservicecoop.com"
"0016000000y5lKTAAY","http://www.taprootnc.com/"
"0010e00001JoSZbAAN","ecoplanetcleaning.ca"
"0013200001H81pEAAR","http://all-starfire.com"
"0013200001DiwSnAAJ","www.MossBustersNW.com"
"0016000000wzHrzAAE","http://www.getductsclean.com"
"0013200001HBKQWAA5","georgiaventworks.com"
"0013200001HDBnNAAX","trianglefireprotection.com"
"0013200001HDHagAAH","buxtonusa.com"
"0013200001IKkR7AAL","upstreampools.com"
"0013200001IKHVgAAP","www.defensefire.com"
"0010e00001JolDOAAZ","http://www.meridianintermountain.com"
"0010e00001IzK4iAAF","www.brandt.us"
"0013200001HtyycAAB","http://Winchester-Mech.Com"
"0013200001GRMSnAAP","hslproperties.com"
"0010e00001Jo00nAAB","http://www.harukoac.com"
"0010e00001JoanqAAB","www.jacservices.org"
"0010e00001JoQkIAAV","www.ams-ac.com"
"0010e00001KYrJyAAL","therm-all.ca"
"0010e00001KZ33gAAD","http://integrallift.com"
"0013200001EpRcRAAV","http://www.bvssystemsinc.com"
"001600000166kZqAAI","www.megacityfire.com"
"0010e00001KJ0STAA1","http://towerairinc.com"
"0013200001IKNyEAAX","www.aafiresystemsinc.com"
"0013200001IZ9dRAAT","martinsfiresafety.com"
"0013200001EqBycAAF","http://www.sdfireprotection.com"
"0010e00001LVw6zAAD","http://elitefireprotection.us/"
"001600000181HxeAAE","http://kingdomfp.com/"
"0013200001H8y9rAAB","http://Pasprinkler.Com"
"0010e00001LVErrAAH","http://thewaltersco.com"
"0010e00001KaNIxAAN","http://www.streamlinefireprotection.com/"
"0013200001H6e4vAAB","www.northeasternmech.com"
"0013200001H9KIgAAN","allstarfireprotection.com"
"0010e00001LV1AAAA1","http://aircenternevada.com"
"0010e00001LUsnsAAD","http://ameritoneinc.com"
"0013200001EMaZAAA1","http://www.firesolutionsinc.com"
"0010e00001LVJgdAAH","www.globalnhr.com"
"0010e00001KTmwPAAT","http://www.austinairandice.com/"
"0010e00001KTTNbAAP","http://www.ifssi.com"
